{"cameraMode":{"drawMode":0,"name":"Shaded","section":"Shading Mode"},"sceneLighting":true,"audioPlay":false,"sceneViewState":{"m_AlwaysRefresh":false,"showFog":true,"showSkybox":true,"showFlares":true,"showImageEffects":true,"showParticleSystems":true,"showVisualEffectGraphs":true,"m_FxEnabled":true},"in2DMode":false,"pivot":{"x":-0.747780442237854,"y":0.8596469163894653,"z":-0.8450428247451782},"rotation":{"x":-0.23790289461612702,"y":0.02825680933892727,"z":-0.006924267392605543,"w":-0.9708552956581116},"size":1.1348882913589478,"orthographic":false}